price,year,odometer,make,model,fuel,transmission,condition,engine_cc,power_hp,seats,body_type,state,title,description,seller_type
2588408,2020,80181,Kia,Sportage,hybrid,cvt,fair,1800,166,7,suv,Islamabad Capital Territory,Kia Sportage 2020 cvt,"Islamabad Capital Territory registered, 80181 km driven, fair condition.",individual
287399,2007,266292,Hyundai,Elantra,cng,manual,like new,1200,120,4,suv,Sindh,Hyundai Elantra 2007 manual,"Sindh registered, 266292 km driven, like new condition.",dealer
1052291,2017,140475,Honda,Civic,petrol,manual,like new,1000,112,7,sedan,Balochistan,Honda Civic 2017 manual,"Balochistan registered, 140475 km driven, like new condition.",individual
849074,2014,171233,Nissan,Dayz,hybrid,automatic,good,1200,113,7,hatchback,Balochistan,Nissan Dayz 2014 automatic,"Balochistan registered, 171233 km driven, good condition.",dealer
848027,2015,146308,Hyundai,Elantra,diesel,automatic,fair,800,87,5,suv,Balochistan,Hyundai Elantra 2015 automatic,"Balochistan registered, 146308 km driven, fair condition.",dealer
1529801,2021,62107,Honda,City,petrol,manual,fair,2000,175,4,sedan,Punjab,Honda City 2021 manual,"Punjab registered, 62107 km driven, fair condition.",individual
583186,2006,289656,Honda,City,petrol,automatic,good,1000,109,7,sedan,Balochistan,Honda City 2006 automatic,"Balochistan registered, 289656 km driven, good condition.",individual
1272696,2017,116166,Honda,City,hybrid,automatic,fair,1800,186,4,sedan,KPK,Honda City 2017 automatic,"KPK registered, 116166 km driven, fair condition.",dealer
736649,2006,277529,Honda,Civic,hybrid,cvt,like new,1500,142,4,sedan,KPK,Honda Civic 2006 cvt,"KPK registered, 277529 km driven, like new condition.",dealer
2182061,2022,45734,Kia,Sportage,petrol,cvt,good,1500,115,7,sedan,KPK,Kia Sportage 2022 cvt,"KPK registered, 45734 km driven, good condition.",individual
934505,2015,154011,Toyota,Yaris,diesel,cvt,good,1500,139,5,suv,Balochistan,Toyota Yaris 2015 cvt,"Balochistan registered, 154011 km driven, good condition.",dealer
441193,2006,281863,Toyota,Corolla,hybrid,automatic,good,1200,105,7,sedan,Islamabad Capital Territory,Toyota Corolla 2006 automatic,"Islamabad Capital Territory registered, 281863 km driven, good condition.",individual
888224,2017,114671,Nissan,Dayz,cng,manual,like new,2000,191,4,hatchback,Balochistan,Nissan Dayz 2017 manual,"Balochistan registered, 114671 km driven, like new condition.",dealer
969854,2007,263933,Kia,Sportage,diesel,automatic,good,2000,143,4,suv,Islamabad Capital Territory,Kia Sportage 2007 automatic,"Islamabad Capital Territory registered, 263933 km driven, good condition.",dealer
804849,2007,250009,Toyota,Corolla,hybrid,cvt,like new,1500,123,7,hatchback,Islamabad Capital Territory,Toyota Corolla 2007 cvt,"Islamabad Capital Territory registered, 250009 km driven, like new condition.",individual
798015,2016,139099,Hyundai,Elantra,cng,manual,fair,660,56,5,suv,Balochistan,Hyundai Elantra 2016 manual,"Balochistan registered, 139099 km driven, fair condition.",dealer
824806,2012,199290,Honda,Civic,hybrid,manual,like new,2000,191,4,suv,Sindh,Honda Civic 2012 manual,"Sindh registered, 199290 km driven, like new condition.",dealer
1536008,2021,70911,Nissan,Dayz,cng,manual,fair,800,95,5,suv,Punjab,Nissan Dayz 2021 manual,"Punjab registered, 70911 km driven, fair condition.",dealer
1630337,2021,60869,Honda,Civic,petrol,automatic,good,1500,163,7,hatchback,KPK,Honda Civic 2021 automatic,"KPK registered, 60869 km driven, good condition.",dealer
327969,2008,253856,Toyota,Aqua,cng,manual,new,1000,102,4,hatchback,Islamabad Capital Territory,Toyota Aqua 2008 manual,"Islamabad Capital Territory registered, 253856 km driven, new condition.",dealer
1035082,2013,183395,Honda,City,hybrid,automatic,like new,660,64,7,hatchback,Islamabad Capital Territory,Honda City 2013 automatic,"Islamabad Capital Territory registered, 183395 km driven, like new condition.",individual
250000,2007,280402,Honda,City,cng,manual,good,1800,170,4,suv,Punjab,Honda City 2007 manual,"Punjab registered, 280402 km driven, good condition.",dealer
640737,2011,209006,Suzuki,Wagon R,cng,cvt,good,1300,128,4,suv,Punjab,Suzuki Wagon R 2011 cvt,"Punjab registered, 209006 km driven, good condition.",dealer
851287,2015,151385,Toyota,Yaris,cng,cvt,fair,2000,147,5,hatchback,KPK,Toyota Yaris 2015 cvt,"KPK registered, 151385 km driven, fair condition.",dealer
1520971,2022,48598,Nissan,Dayz,diesel,manual,good,800,88,7,hatchback,Punjab,Nissan Dayz 2022 manual,"Punjab registered, 48598 km driven, good condition.",individual
624537,2006,283677,Suzuki,Alto,hybrid,automatic,like new,1500,171,7,suv,KPK,Suzuki Alto 2006 automatic,"KPK registered, 283677 km driven, like new condition.",individual
1540281,2022,37855,Hyundai,Elantra,hybrid,automatic,like new,660,73,4,hatchback,KPK,Hyundai Elantra 2022 automatic,"KPK registered, 37855 km driven, like new condition.",individual
1622240,2021,60121,Suzuki,Alto,hybrid,automatic,like new,1500,108,7,sedan,Sindh,Suzuki Alto 2021 automatic,"Sindh registered, 60121 km driven, like new condition.",individual
1381066,2014,162052,Kia,Sportage,cng,automatic,like new,800,62,5,sedan,Islamabad Capital Territory,Kia Sportage 2014 automatic,"Islamabad Capital Territory registered, 162052 km driven, like new condition.",dealer
1581857,2010,214385,Kia,Sportage,petrol,automatic,new,1200,117,7,hatchback,Balochistan,Kia Sportage 2010 automatic,"Balochistan registered, 214385 km driven, new condition.",dealer
1365849,2019,85605,Toyota,Corolla,diesel,automatic,fair,1500,137,7,hatchback,Balochistan,Toyota Corolla 2019 automatic,"Balochistan registered, 85605 km driven, fair condition.",dealer
437099,2006,300468,Nissan,Dayz,diesel,manual,fair,2000,147,7,suv,Balochistan,Nissan Dayz 2006 manual,"Balochistan registered, 300468 km driven, fair condition.",individual
693941,2008,250078,Toyota,Yaris,petrol,manual,good,1000,111,7,suv,Balochistan,Toyota Yaris 2008 manual,"Balochistan registered, 250078 km driven, good condition.",dealer
368379,2008,264841,Toyota,Yaris,diesel,automatic,like new,1300,145,5,suv,Balochistan,Toyota Yaris 2008 automatic,"Balochistan registered, 264841 km driven, like new condition.",individual
905865,2018,108589,Toyota,Yaris,cng,cvt,fair,1200,94,4,hatchback,Punjab,Toyota Yaris 2018 cvt,"Punjab registered, 108589 km driven, fair condition.",individual
391614,2010,231115,Honda,City,diesel,manual,good,1800,193,4,sedan,Islamabad Capital Territory,Honda City 2010 manual,"Islamabad Capital Territory registered, 231115 km driven, good condition.",individual
383210,2009,237831,Toyota,Corolla,diesel,cvt,like new,1500,155,7,sedan,KPK,Toyota Corolla 2009 cvt,"KPK registered, 237831 km driven, like new condition.",individual
528923,2009,254509,Suzuki,Alto,diesel,manual,like new,1800,138,5,suv,Islamabad Capital Territory,Suzuki Alto 2009 manual,"Islamabad Capital Territory registered, 254509 km driven, like new condition.",dealer
528780,2007,279234,Toyota,Aqua,cng,automatic,good,1800,207,4,suv,Islamabad Capital Territory,Toyota Aqua 2007 automatic,"Islamabad Capital Territory registered, 279234 km driven, good condition.",dealer
1583090,2015,147581,Kia,Sportage,hybrid,manual,good,1200,118,4,suv,Islamabad Capital Territory,Kia Sportage 2015 manual,"Islamabad Capital Territory registered, 147581 km driven, good condition.",dealer
1456086,2022,45459,Toyota,Aqua,cng,manual,new,1300,153,4,sedan,Islamabad Capital Territory,Toyota Aqua 2022 manual,"Islamabad Capital Territory registered, 45459 km driven, new condition.",individual
370948,2009,243789,Suzuki,Wagon R,diesel,cvt,good,800,62,4,sedan,KPK,Suzuki Wagon R 2009 cvt,"KPK registered, 243789 km driven, good condition.",individual
1080832,2016,134112,Toyota,Aqua,cng,automatic,good,1200,104,5,hatchback,Balochistan,Toyota Aqua 2016 automatic,"Balochistan registered, 134112 km driven, good condition.",dealer
643112,2009,224698,Toyota,Aqua,petrol,automatic,like new,1200,120,4,hatchback,Sindh,Toyota Aqua 2009 automatic,"Sindh registered, 224698 km driven, like new condition.",individual
1244728,2020,76136,Suzuki,Wagon R,diesel,manual,good,1300,92,4,suv,Punjab,Suzuki Wagon R 2020 manual,"Punjab registered, 76136 km driven, good condition.",dealer
1442462,2022,44083,Nissan,Dayz,cng,cvt,fair,1000,76,4,sedan,Islamabad Capital Territory,Nissan Dayz 2022 cvt,"Islamabad Capital Territory registered, 44083 km driven, fair condition.",individual
453787,2008,267129,Hyundai,Elantra,petrol,manual,good,1300,140,7,hatchback,Punjab,Hyundai Elantra 2008 manual,"Punjab registered, 267129 km driven, good condition.",individual
682116,2006,293483,Suzuki,Alto,diesel,automatic,good,1200,100,7,hatchback,KPK,Suzuki Alto 2006 automatic,"KPK registered, 293483 km driven, good condition.",individual
1015635,2017,128212,Toyota,Corolla,hybrid,cvt,good,660,65,7,sedan,Sindh,Toyota Corolla 2017 cvt,"Sindh registered, 128212 km driven, good condition.",individual
1138402,2011,211624,Kia,Sportage,hybrid,cvt,like new,800,79,5,hatchback,Balochistan,Kia Sportage 2011 cvt,"Balochistan registered, 211624 km driven, like new condition.",individual
1020793,2020,88028,Toyota,Corolla,cng,automatic,fair,1000,104,4,hatchback,Punjab,Toyota Corolla 2020 automatic,"Punjab registered, 88028 km driven, fair condition.",dealer
525639,2010,224950,Honda,City,cng,cvt,like new,1300,104,7,sedan,KPK,Honda City 2010 cvt,"KPK registered, 224950 km driven, like new condition.",dealer
408663,2009,235889,Honda,City,petrol,automatic,good,1000,113,7,suv,KPK,Honda City 2009 automatic,"KPK registered, 235889 km driven, good condition.",individual
684524,2015,149143,Toyota,Yaris,diesel,automatic,good,800,91,4,sedan,Sindh,Toyota Yaris 2015 automatic,"Sindh registered, 149143 km driven, good condition.",individual
1179076,2020,65191,Toyota,Aqua,cng,manual,like new,2000,146,5,suv,Islamabad Capital Territory,Toyota Aqua 2020 manual,"Islamabad Capital Territory registered, 65191 km driven, like new condition.",individual
1345224,2019,77878,Honda,City,diesel,cvt,like new,2000,212,5,suv,KPK,Honda City 2019 cvt,"KPK registered, 77878 km driven, like new condition.",individual
687734,2011,197148,Toyota,Yaris,hybrid,manual,fair,660,70,5,hatchback,Sindh,Toyota Yaris 2011 manual,"Sindh registered, 197148 km driven, fair condition.",individual
939926,2022,42201,Toyota,Aqua,diesel,cvt,good,800,87,4,hatchback,Sindh,Toyota Aqua 2022 cvt,"Sindh registered, 42201 km driven, good condition.",individual
1619880,2022,28939,Honda,City,cng,automatic,like new,1300,114,5,suv,Islamabad Capital Territory,Honda City 2022 automatic,"Islamabad Capital Territory registered, 28939 km driven, like new condition.",dealer
250000,2006,283350,Toyota,Aqua,diesel,cvt,like new,1500,118,5,sedan,KPK,Toyota Aqua 2006 cvt,"KPK registered, 283350 km driven, like new condition.",individual
579848,2010,228122,Honda,City,petrol,automatic,like new,1200,84,5,suv,Punjab,Honda City 2010 automatic,"Punjab registered, 228122 km driven, like new condition.",individual
1073910,2018,99699,Honda,City,cng,manual,good,1500,158,4,sedan,Sindh,Honda City 2018 manual,"Sindh registered, 99699 km driven, good condition.",individual
630508,2010,231114,Hyundai,Elantra,diesel,automatic,good,1300,125,4,sedan,Sindh,Hyundai Elantra 2010 automatic,"Sindh registered, 231114 km driven, good condition.",individual
368782,2007,289119,Honda,City,petrol,automatic,good,1000,87,4,hatchback,Islamabad Capital Territory,Honda City 2007 automatic,"Islamabad Capital Territory registered, 289119 km driven, good condition.",individual
708872,2007,273904,Toyota,Aqua,petrol,manual,like new,2000,218,7,hatchback,KPK,Toyota Aqua 2007 manual,"KPK registered, 273904 km driven, like new condition.",dealer
1095681,2019,72335,Suzuki,Wagon R,cng,cvt,good,1300,129,5,suv,Islamabad Capital Territory,Suzuki Wagon R 2019 cvt,"Islamabad Capital Territory registered, 72335 km driven, good condition.",dealer
2314729,2020,60112,Kia,Sportage,petrol,cvt,good,1800,160,5,hatchback,KPK,Kia Sportage 2020 cvt,"KPK registered, 60112 km driven, good condition.",individual
876335,2015,152707,Honda,City,hybrid,cvt,good,1300,123,5,hatchback,Punjab,Honda City 2015 cvt,"Punjab registered, 152707 km driven, good condition.",dealer
343217,2006,285572,Suzuki,Wagon R,petrol,automatic,fair,800,75,5,suv,Balochistan,Suzuki Wagon R 2006 automatic,"Balochistan registered, 285572 km driven, fair condition.",individual
1229094,2020,71445,Suzuki,Alto,diesel,cvt,good,1800,162,4,suv,Balochistan,Suzuki Alto 2020 cvt,"Balochistan registered, 71445 km driven, good condition.",individual
1023153,2016,134104,Suzuki,Wagon R,diesel,automatic,good,1500,135,7,hatchback,Islamabad Capital Territory,Suzuki Wagon R 2016 automatic,"Islamabad Capital Territory registered, 134104 km driven, good condition.",dealer
438379,2006,285875,Toyota,Yaris,cng,cvt,like new,1200,131,4,suv,Sindh,Toyota Yaris 2006 cvt,"Sindh registered, 285875 km driven, like new condition.",dealer
1377329,2019,82083,Honda,Civic,hybrid,manual,good,1300,101,5,hatchback,KPK,Honda Civic 2019 manual,"KPK registered, 82083 km driven, good condition.",individual
1052522,2020,73735,Suzuki,Wagon R,petrol,cvt,good,1200,131,5,sedan,Sindh,Suzuki Wagon R 2020 cvt,"Sindh registered, 73735 km driven, good condition.",individual
367027,2012,205161,Toyota,Yaris,cng,cvt,like new,660,65,7,sedan,Balochistan,Toyota Yaris 2012 cvt,"Balochistan registered, 205161 km driven, like new condition.",individual
250000,2006,293643,Honda,City,petrol,manual,like new,1500,121,5,sedan,Punjab,Honda City 2006 manual,"Punjab registered, 293643 km driven, like new condition.",individual
817889,2013,200586,Hyundai,Elantra,hybrid,cvt,good,1300,116,7,hatchback,Islamabad Capital Territory,Hyundai Elantra 2013 cvt,"Islamabad Capital Territory registered, 200586 km driven, good condition.",individual
643371,2006,282960,Honda,City,diesel,automatic,good,800,77,4,suv,Balochistan,Honda City 2006 automatic,"Balochistan registered, 282960 km driven, good condition.",dealer
1390419,2012,188370,Kia,Sportage,hybrid,cvt,like new,1000,102,4,hatchback,Islamabad Capital Territory,Kia Sportage 2012 cvt,"Islamabad Capital Territory registered, 188370 km driven, like new condition.",individual
431938,2008,260773,Toyota,Aqua,hybrid,manual,like new,1300,129,4,sedan,Balochistan,Toyota Aqua 2008 manual,"Balochistan registered, 260773 km driven, like new condition.",dealer
367666,2008,261510,Toyota,Yaris,diesel,manual,good,2000,220,4,suv,Sindh,Toyota Yaris 2008 manual,"Sindh registered, 261510 km driven, good condition.",dealer
644632,2006,287609,Kia,Sportage,hybrid,manual,good,1200,126,4,hatchback,Sindh,Kia Sportage 2006 manual,"Sindh registered, 287609 km driven, good condition.",dealer
1889912,2017,116195,Kia,Sportage,petrol,cvt,fair,2000,195,5,hatchback,Balochistan,Kia Sportage 2017 cvt,"Balochistan registered, 116195 km driven, fair condition.",dealer
1086453,2019,79325,Nissan,Dayz,petrol,automatic,good,800,56,5,suv,Punjab,Nissan Dayz 2019 automatic,"Punjab registered, 79325 km driven, good condition.",dealer
1165971,2018,113824,Suzuki,Alto,diesel,manual,like new,1500,173,4,sedan,Islamabad Capital Territory,Suzuki Alto 2018 manual,"Islamabad Capital Territory registered, 113824 km driven, like new condition.",individual
1363007,2017,122048,Nissan,Dayz,hybrid,automatic,fair,1200,121,4,hatchback,Islamabad Capital Territory,Nissan Dayz 2017 automatic,"Islamabad Capital Territory registered, 122048 km driven, fair condition.",dealer
1059708,2019,87215,Nissan,Dayz,petrol,cvt,like new,1200,130,4,sedan,KPK,Nissan Dayz 2019 cvt,"KPK registered, 87215 km driven, like new condition.",dealer
448657,2007,274158,Honda,Civic,diesel,cvt,like new,1500,159,4,suv,Balochistan,Honda Civic 2007 cvt,"Balochistan registered, 274158 km driven, like new condition.",dealer
633343,2014,162182,Toyota,Yaris,petrol,manual,good,660,57,4,hatchback,Punjab,Toyota Yaris 2014 manual,"Punjab registered, 162182 km driven, good condition.",dealer
382723,2010,232885,Honda,Civic,petrol,cvt,good,660,50,5,hatchback,KPK,Honda Civic 2010 cvt,"KPK registered, 232885 km driven, good condition.",individual
1517118,2022,55290,Suzuki,Wagon R,petrol,cvt,good,1500,178,5,sedan,Islamabad Capital Territory,Suzuki Wagon R 2022 cvt,"Islamabad Capital Territory registered, 55290 km driven, good condition.",individual
1227593,2021,66547,Nissan,Dayz,petrol,cvt,fair,1500,114,7,hatchback,KPK,Nissan Dayz 2021 cvt,"KPK registered, 66547 km driven, fair condition.",individual
250000,2012,205853,Toyota,Yaris,cng,cvt,good,1800,129,7,sedan,Sindh,Toyota Yaris 2012 cvt,"Sindh registered, 205853 km driven, good condition.",individual
1066965,2017,130670,Honda,City,petrol,automatic,good,1200,131,4,sedan,Sindh,Honda City 2017 automatic,"Sindh registered, 130670 km driven, good condition.",individual
1031876,2008,255658,Toyota,Yaris,hybrid,automatic,good,2000,233,7,hatchback,Punjab,Toyota Yaris 2008 automatic,"Punjab registered, 255658 km driven, good condition.",individual
972028,2017,127358,Suzuki,Wagon R,petrol,cvt,good,1800,161,5,sedan,Punjab,Suzuki Wagon R 2017 cvt,"Punjab registered, 127358 km driven, good condition.",dealer
980004,2018,94244,Honda,Civic,petrol,manual,fair,1200,126,4,suv,Punjab,Honda Civic 2018 manual,"Punjab registered, 94244 km driven, fair condition.",dealer
584055,2009,247874,Toyota,Aqua,petrol,automatic,like new,1500,150,5,suv,Balochistan,Toyota Aqua 2009 automatic,"Balochistan registered, 247874 km driven, like new condition.",individual
879925,2018,101673,Hyundai,Elantra,petrol,manual,good,800,87,5,suv,Punjab,Hyundai Elantra 2018 manual,"Punjab registered, 101673 km driven, good condition.",individual
1070990,2022,42012,Suzuki,Alto,cng,cvt,fair,800,75,4,hatchback,Islamabad Capital Territory,Suzuki Alto 2022 cvt,"Islamabad Capital Territory registered, 42012 km driven, fair condition.",dealer
704983,2014,147034,Toyota,Aqua,hybrid,manual,fair,1000,76,4,hatchback,Punjab,Toyota Aqua 2014 manual,"Punjab registered, 147034 km driven, fair condition.",dealer
761598,2010,217751,Toyota,Aqua,petrol,automatic,good,1200,106,7,sedan,Balochistan,Toyota Aqua 2010 automatic,"Balochistan registered, 217751 km driven, good condition.",dealer
1215394,2018,104868,Suzuki,Wagon R,diesel,cvt,good,2000,191,7,hatchback,KPK,Suzuki Wagon R 2018 cvt,"KPK registered, 104868 km driven, good condition.",individual
534925,2011,218813,Toyota,Corolla,cng,manual,good,1200,135,7,sedan,Punjab,Toyota Corolla 2011 manual,"Punjab registered, 218813 km driven, good condition.",individual
969809,2011,211558,Suzuki,Alto,hybrid,cvt,new,1300,147,7,suv,Islamabad Capital Territory,Suzuki Alto 2011 cvt,"Islamabad Capital Territory registered, 211558 km driven, new condition.",individual
447487,2009,252538,Toyota,Yaris,diesel,cvt,fair,1200,84,4,sedan,Sindh,Toyota Yaris 2009 cvt,"Sindh registered, 252538 km driven, fair condition.",individual
1128173,2018,102537,Honda,City,cng,automatic,good,1500,106,4,suv,Islamabad Capital Territory,Honda City 2018 automatic,"Islamabad Capital Territory registered, 102537 km driven, good condition.",dealer
454936,2009,238509,Suzuki,Alto,diesel,automatic,good,660,71,4,hatchback,KPK,Suzuki Alto 2009 automatic,"KPK registered, 238509 km driven, good condition.",individual
788839,2008,241359,Suzuki,Alto,hybrid,cvt,fair,1300,92,5,suv,Sindh,Suzuki Alto 2008 cvt,"Sindh registered, 241359 km driven, fair condition.",dealer
1178215,2019,95426,Toyota,Yaris,hybrid,cvt,fair,1000,92,7,suv,Balochistan,Toyota Yaris 2019 cvt,"Balochistan registered, 95426 km driven, fair condition.",individual
1004588,2016,133220,Suzuki,Alto,hybrid,automatic,good,1300,150,4,sedan,KPK,Suzuki Alto 2016 automatic,"KPK registered, 133220 km driven, good condition.",dealer
745064,2011,204313,Nissan,Dayz,hybrid,cvt,fair,2000,226,5,hatchback,Punjab,Nissan Dayz 2011 cvt,"Punjab registered, 204313 km driven, fair condition.",individual
654376,2013,184558,Suzuki,Wagon R,cng,manual,fair,1200,85,4,hatchback,KPK,Suzuki Wagon R 2013 manual,"KPK registered, 184558 km driven, fair condition.",dealer
1230336,2019,103104,Toyota,Aqua,cng,manual,like new,1200,109,5,hatchback,Islamabad Capital Territory,Toyota Aqua 2019 manual,"Islamabad Capital Territory registered, 103104 km driven, like new condition.",dealer
578653,2013,176430,Honda,City,cng,automatic,good,2000,186,5,suv,KPK,Honda City 2013 automatic,"KPK registered, 176430 km driven, good condition.",individual
541125,2011,212063,Toyota,Corolla,cng,manual,good,1000,75,4,suv,Balochistan,Toyota Corolla 2011 manual,"Balochistan registered, 212063 km driven, good condition.",individual
762454,2013,172989,Nissan,Dayz,cng,automatic,good,1300,96,4,hatchback,Sindh,Nissan Dayz 2013 automatic,"Sindh registered, 172989 km driven, good condition.",individual
1430948,2020,71052,Toyota,Yaris,hybrid,cvt,new,660,77,4,hatchback,Punjab,Toyota Yaris 2020 cvt,"Punjab registered, 71052 km driven, new condition.",dealer
1215872,2017,123146,Toyota,Aqua,hybrid,cvt,like new,1500,163,7,hatchback,Sindh,Toyota Aqua 2017 cvt,"Sindh registered, 123146 km driven, like new condition.",individual
541957,2014,163224,Honda,Civic,cng,manual,good,800,58,7,suv,Sindh,Honda Civic 2014 manual,"Sindh registered, 163224 km driven, good condition.",dealer
1039323,2018,109182,Suzuki,Alto,diesel,automatic,good,1800,129,5,sedan,Punjab,Suzuki Alto 2018 automatic,"Punjab registered, 109182 km driven, good condition.",individual
250000,2008,251701,Nissan,Dayz,diesel,manual,good,1800,149,4,sedan,Balochistan,Nissan Dayz 2008 manual,"Balochistan registered, 251701 km driven, good condition.",individual
1654990,2022,65748,Suzuki,Alto,hybrid,automatic,good,800,85,5,suv,Sindh,Suzuki Alto 2022 automatic,"Sindh registered, 65748 km driven, good condition.",individual
695195,2017,114620,Nissan,Dayz,diesel,automatic,like new,1300,138,7,hatchback,Sindh,Nissan Dayz 2017 automatic,"Sindh registered, 114620 km driven, like new condition.",dealer
507227,2011,196796,Suzuki,Wagon R,cng,cvt,good,1200,108,5,hatchback,Punjab,Suzuki Wagon R 2011 cvt,"Punjab registered, 196796 km driven, good condition.",dealer
796779,2007,283734,Toyota,Aqua,hybrid,cvt,fair,1200,142,7,hatchback,Sindh,Toyota Aqua 2007 cvt,"Sindh registered, 283734 km driven, fair condition.",individual
250000,2006,302518,Toyota,Aqua,cng,manual,good,1200,126,5,suv,Islamabad Capital Territory,Toyota Aqua 2006 manual,"Islamabad Capital Territory registered, 302518 km driven, good condition.",individual
1819274,2022,41258,Toyota,Corolla,petrol,automatic,fair,1800,204,7,sedan,Islamabad Capital Territory,Toyota Corolla 2022 automatic,"Islamabad Capital Territory registered, 41258 km driven, fair condition.",individual
513545,2008,260861,Toyota,Corolla,diesel,automatic,good,1300,97,7,hatchback,KPK,Toyota Corolla 2008 automatic,"KPK registered, 260861 km driven, good condition.",dealer
316649,2012,202984,Toyota,Yaris,cng,cvt,new,800,69,5,sedan,Balochistan,Toyota Yaris 2012 cvt,"Balochistan registered, 202984 km driven, new condition.",individual
938499,2013,175009,Nissan,Dayz,diesel,manual,fair,1300,153,7,hatchback,KPK,Nissan Dayz 2013 manual,"KPK registered, 175009 km driven, fair condition.",individual
1240412,2022,46470,Toyota,Yaris,diesel,manual,good,660,47,4,suv,Islamabad Capital Territory,Toyota Yaris 2022 manual,"Islamabad Capital Territory registered, 46470 km driven, good condition.",individual
520975,2007,269486,Toyota,Aqua,petrol,cvt,good,2000,215,4,hatchback,Islamabad Capital Territory,Toyota Aqua 2007 cvt,"Islamabad Capital Territory registered, 269486 km driven, good condition.",individual
515954,2011,217211,Suzuki,Alto,petrol,cvt,good,1300,142,7,hatchback,Punjab,Suzuki Alto 2011 cvt,"Punjab registered, 217211 km driven, good condition.",dealer
1130595,2017,129372,Toyota,Corolla,petrol,manual,good,1000,89,4,suv,Balochistan,Toyota Corolla 2017 manual,"Balochistan registered, 129372 km driven, good condition.",dealer
1136137,2013,188717,Honda,Civic,diesel,automatic,good,1500,142,4,sedan,Islamabad Capital Territory,Honda Civic 2013 automatic,"Islamabad Capital Territory registered, 188717 km driven, good condition.",dealer
537573,2007,256954,Suzuki,Wagon R,diesel,automatic,good,1200,120,7,suv,KPK,Suzuki Wagon R 2007 automatic,"KPK registered, 256954 km driven, good condition.",dealer
1680007,2016,132978,Kia,Sportage,petrol,automatic,like new,1000,89,4,hatchback,Islamabad Capital Territory,Kia Sportage 2016 automatic,"Islamabad Capital Territory registered, 132978 km driven, like new condition.",individual
1047232,2019,97767,Suzuki,Wagon R,cng,automatic,good,1000,99,5,sedan,Islamabad Capital Territory,Suzuki Wagon R 2019 automatic,"Islamabad Capital Territory registered, 97767 km driven, good condition.",individual
1067934,2016,130677,Toyota,Aqua,petrol,automatic,fair,1800,135,5,hatchback,Punjab,Toyota Aqua 2016 automatic,"Punjab registered, 130677 km driven, fair condition.",dealer
1221527,2020,75978,Nissan,Dayz,diesel,manual,good,1500,143,4,hatchback,Punjab,Nissan Dayz 2020 manual,"Punjab registered, 75978 km driven, good condition.",individual
1247323,2021,47054,Honda,City,cng,cvt,good,1200,100,7,hatchback,KPK,Honda City 2021 cvt,"KPK registered, 47054 km driven, good condition.",individual
703812,2010,229194,Toyota,Corolla,petrol,automatic,new,800,74,4,suv,KPK,Toyota Corolla 2010 automatic,"KPK registered, 229194 km driven, new condition.",individual
625321,2014,176675,Nissan,Dayz,hybrid,manual,good,1500,115,7,hatchback,Islamabad Capital Territory,Nissan Dayz 2014 manual,"Islamabad Capital Territory registered, 176675 km driven, good condition.",individual
673009,2016,137421,Toyota,Corolla,diesel,manual,fair,800,92,4,suv,Punjab,Toyota Corolla 2016 manual,"Punjab registered, 137421 km driven, fair condition.",dealer
963437,2014,156820,Hyundai,Elantra,cng,cvt,good,1200,88,4,hatchback,Sindh,Hyundai Elantra 2014 cvt,"Sindh registered, 156820 km driven, good condition.",individual
327335,2008,243003,Nissan,Dayz,cng,automatic,good,1000,106,5,sedan,Islamabad Capital Territory,Nissan Dayz 2008 automatic,"Islamabad Capital Territory registered, 243003 km driven, good condition.",individual
1022728,2021,47551,Toyota,Aqua,cng,cvt,fair,1800,194,4,sedan,Balochistan,Toyota Aqua 2021 cvt,"Balochistan registered, 47551 km driven, fair condition.",individual
669499,2010,231922,Hyundai,Elantra,cng,automatic,like new,660,73,4,suv,Punjab,Hyundai Elantra 2010 automatic,"Punjab registered, 231922 km driven, like new condition.",individual
250000,2007,264543,Hyundai,Elantra,petrol,manual,good,660,49,7,suv,Balochistan,Hyundai Elantra 2007 manual,"Balochistan registered, 264543 km driven, good condition.",dealer
651940,2009,242922,Nissan,Dayz,cng,cvt,good,1200,135,5,hatchback,Sindh,Nissan Dayz 2009 cvt,"Sindh registered, 242922 km driven, good condition.",individual
852567,2015,152139,Honda,City,petrol,cvt,good,2000,161,5,hatchback,KPK,Honda City 2015 cvt,"KPK registered, 152139 km driven, good condition.",individual
974905,2019,90404,Toyota,Yaris,diesel,manual,fair,660,65,4,hatchback,Punjab,Toyota Yaris 2019 manual,"Punjab registered, 90404 km driven, fair condition.",individual
909116,2019,90082,Hyundai,Elantra,petrol,automatic,like new,660,73,4,hatchback,Balochistan,Hyundai Elantra 2019 automatic,"Balochistan registered, 90082 km driven, like new condition.",dealer
1199537,2018,109062,Suzuki,Alto,diesel,automatic,like new,2000,199,7,suv,Islamabad Capital Territory,Suzuki Alto 2018 automatic,"Islamabad Capital Territory registered, 109062 km driven, like new condition.",dealer
641409,2010,223292,Toyota,Yaris,petrol,cvt,good,800,75,5,sedan,KPK,Toyota Yaris 2010 cvt,"KPK registered, 223292 km driven, good condition.",dealer
888362,2014,159326,Suzuki,Wagon R,cng,cvt,like new,1800,188,4,sedan,Balochistan,Suzuki Wagon R 2014 cvt,"Balochistan registered, 159326 km driven, like new condition.",dealer
673054,2009,219568,Suzuki,Alto,diesel,manual,good,1800,197,7,suv,Balochistan,Suzuki Alto 2009 manual,"Balochistan registered, 219568 km driven, good condition.",individual
1099847,2010,228345,Kia,Sportage,petrol,automatic,good,1800,163,7,sedan,Sindh,Kia Sportage 2010 automatic,"Sindh registered, 228345 km driven, good condition.",individual
812953,2012,182738,Honda,City,petrol,automatic,like new,800,65,4,sedan,KPK,Honda City 2012 automatic,"KPK registered, 182738 km driven, like new condition.",dealer
459723,2009,236883,Suzuki,Wagon R,petrol,manual,good,800,75,4,sedan,Sindh,Suzuki Wagon R 2009 manual,"Sindh registered, 236883 km driven, good condition.",individual
1417069,2022,48720,Toyota,Aqua,petrol,automatic,fair,800,73,4,sedan,Balochistan,Toyota Aqua 2022 automatic,"Balochistan registered, 48720 km driven, fair condition.",individual
835118,2013,182212,Toyota,Yaris,cng,manual,like new,1800,206,7,sedan,Islamabad Capital Territory,Toyota Yaris 2013 manual,"Islamabad Capital Territory registered, 182212 km driven, like new condition.",dealer
828675,2016,143744,Honda,City,cng,manual,good,1000,70,4,suv,Balochistan,Honda City 2016 manual,"Balochistan registered, 143744 km driven, good condition.",dealer
1180179,2012,190112,Honda,Civic,diesel,automatic,new,800,59,5,sedan,Punjab,Honda Civic 2012 automatic,"Punjab registered, 190112 km driven, new condition.",individual
509015,2008,257249,Toyota,Yaris,diesel,cvt,new,1500,110,4,hatchback,Sindh,Toyota Yaris 2008 cvt,"Sindh registered, 257249 km driven, new condition.",individual
1041073,2007,281644,Honda,City,hybrid,automatic,good,1800,172,5,hatchback,Punjab,Honda City 2007 automatic,"Punjab registered, 281644 km driven, good condition.",dealer
1125502,2017,121683,Nissan,Dayz,cng,automatic,fair,2000,239,5,sedan,Balochistan,Nissan Dayz 2017 automatic,"Balochistan registered, 121683 km driven, fair condition.",individual
1410648,2018,107979,Toyota,Yaris,cng,automatic,good,1800,185,7,sedan,Balochistan,Toyota Yaris 2018 automatic,"Balochistan registered, 107979 km driven, good condition.",dealer
444502,2007,273197,Toyota,Yaris,hybrid,cvt,fair,1000,118,7,sedan,KPK,Toyota Yaris 2007 cvt,"KPK registered, 273197 km driven, fair condition.",individual
250000,2008,259524,Toyota,Corolla,petrol,manual,like new,1300,97,7,hatchback,Sindh,Toyota Corolla 2008 manual,"Sindh registered, 259524 km driven, like new condition.",dealer
688686,2017,118327,Toyota,Corolla,diesel,manual,good,800,82,4,suv,KPK,Toyota Corolla 2017 manual,"KPK registered, 118327 km driven, good condition.",dealer
1721099,2021,62223,Toyota,Aqua,diesel,manual,new,1500,168,5,sedan,Sindh,Toyota Aqua 2021 manual,"Sindh registered, 62223 km driven, new condition.",individual
920498,2016,140073,Suzuki,Alto,diesel,cvt,good,1500,170,4,hatchback,KPK,Suzuki Alto 2016 cvt,"KPK registered, 140073 km driven, good condition.",dealer
743901,2013,176848,Hyundai,Elantra,hybrid,manual,good,1300,97,7,sedan,Sindh,Hyundai Elantra 2013 manual,"Sindh registered, 176848 km driven, good condition.",individual
943749,2007,282848,Suzuki,Alto,hybrid,automatic,like new,1200,133,4,sedan,Balochistan,Suzuki Alto 2007 automatic,"Balochistan registered, 282848 km driven, like new condition.",individual
739125,2009,217811,Hyundai,Elantra,hybrid,manual,like new,1200,91,4,sedan,KPK,Hyundai Elantra 2009 manual,"KPK registered, 217811 km driven, like new condition.",individual
1134991,2018,108645,Toyota,Aqua,hybrid,automatic,fair,1200,131,7,suv,Punjab,Toyota Aqua 2018 automatic,"Punjab registered, 108645 km driven, fair condition.",individual
488553,2015,151127,Suzuki,Wagon R,diesel,cvt,good,1300,141,7,suv,Islamabad Capital Territory,Suzuki Wagon R 2015 cvt,"Islamabad Capital Territory registered, 151127 km driven, good condition.",individual
1460931,2022,50550,Suzuki,Wagon R,hybrid,cvt,good,1200,92,5,sedan,Punjab,Suzuki Wagon R 2022 cvt,"Punjab registered, 50550 km driven, good condition.",dealer
1170995,2019,82012,Toyota,Aqua,cng,manual,like new,1800,209,4,hatchback,Balochistan,Toyota Aqua 2019 manual,"Balochistan registered, 82012 km driven, like new condition.",dealer
1973601,2019,83277,Kia,Sportage,petrol,automatic,like new,1500,137,4,sedan,Balochistan,Kia Sportage 2019 automatic,"Balochistan registered, 83277 km driven, like new condition.",dealer
1010481,2016,135813,Suzuki,Alto,hybrid,cvt,new,660,71,5,suv,Balochistan,Suzuki Alto 2016 cvt,"Balochistan registered, 135813 km driven, new condition.",dealer
1661723,2015,153898,Kia,Sportage,petrol,automatic,like new,1500,159,5,suv,Sindh,Kia Sportage 2015 automatic,"Sindh registered, 153898 km driven, like new condition.",dealer
772972,2017,113532,Toyota,Corolla,diesel,manual,fair,800,84,7,suv,Punjab,Toyota Corolla 2017 manual,"Punjab registered, 113532 km driven, fair condition.",individual
820782,2016,136411,Toyota,Yaris,diesel,automatic,good,660,66,5,sedan,Islamabad Capital Territory,Toyota Yaris 2016 automatic,"Islamabad Capital Territory registered, 136411 km driven, good condition.",individual
283337,2007,283061,Toyota,Aqua,cng,cvt,good,1200,87,5,suv,Punjab,Toyota Aqua 2007 cvt,"Punjab registered, 283061 km driven, good condition.",dealer
1284992,2009,240981,Kia,Sportage,diesel,automatic,like new,2000,152,7,sedan,Sindh,Kia Sportage 2009 automatic,"Sindh registered, 240981 km driven, like new condition.",individual
323670,2007,269511,Toyota,Corolla,cng,cvt,like new,2000,168,5,suv,Punjab,Toyota Corolla 2007 cvt,"Punjab registered, 269511 km driven, like new condition.",dealer
603456,2010,210353,Honda,Civic,petrol,cvt,good,1200,129,4,suv,Sindh,Honda Civic 2010 cvt,"Sindh registered, 210353 km driven, good condition.",dealer
639257,2011,204851,Suzuki,Alto,diesel,cvt,fair,1000,88,7,sedan,Balochistan,Suzuki Alto 2011 cvt,"Balochistan registered, 204851 km driven, fair condition.",dealer
709172,2010,231254,Honda,City,diesel,automatic,fair,1300,119,5,sedan,Balochistan,Honda City 2010 automatic,"Balochistan registered, 231254 km driven, fair condition.",individual
2486883,2021,59927,Kia,Sportage,diesel,automatic,fair,1300,134,4,suv,KPK,Kia Sportage 2021 automatic,"KPK registered, 59927 km driven, fair condition.",individual
303396,2006,280808,Honda,Civic,petrol,automatic,good,1000,79,4,suv,Balochistan,Honda Civic 2006 automatic,"Balochistan registered, 280808 km driven, good condition.",dealer
1520111,2020,64376,Toyota,Yaris,cng,automatic,like new,2000,189,7,sedan,Balochistan,Toyota Yaris 2020 automatic,"Balochistan registered, 64376 km driven, like new condition.",individual
303589,2008,251865,Toyota,Corolla,petrol,cvt,good,1800,143,7,hatchback,Punjab,Toyota Corolla 2008 cvt,"Punjab registered, 251865 km driven, good condition.",individual
551083,2006,287979,Honda,Civic,hybrid,automatic,fair,800,68,7,sedan,KPK,Honda Civic 2006 automatic,"KPK registered, 287979 km driven, fair condition.",individual
1139862,2020,66997,Toyota,Aqua,diesel,automatic,fair,1000,108,4,sedan,Punjab,Toyota Aqua 2020 automatic,"Punjab registered, 66997 km driven, fair condition.",individual
332069,2006,281965,Toyota,Yaris,cng,automatic,good,1500,139,4,hatchback,KPK,Toyota Yaris 2006 automatic,"KPK registered, 281965 km driven, good condition.",individual
1038347,2013,182655,Toyota,Aqua,hybrid,automatic,fair,1800,137,4,hatchback,KPK,Toyota Aqua 2013 automatic,"KPK registered, 182655 km driven, fair condition.",individual
1009302,2018,112109,Suzuki,Alto,cng,automatic,like new,1200,122,5,sedan,Punjab,Suzuki Alto 2018 automatic,"Punjab registered, 112109 km driven, like new condition.",dealer
1122643,2019,77148,Honda,City,cng,cvt,fair,1000,106,4,hatchback,Punjab,Honda City 2019 cvt,"Punjab registered, 77148 km driven, fair condition.",dealer
1093608,2014,174909,Hyundai,Elantra,hybrid,automatic,fair,2000,143,7,suv,Islamabad Capital Territory,Hyundai Elantra 2014 automatic,"Islamabad Capital Territory registered, 174909 km driven, fair condition.",dealer
521410,2010,217581,Suzuki,Alto,cng,cvt,fair,1300,125,4,sedan,Islamabad Capital Territory,Suzuki Alto 2010 cvt,"Islamabad Capital Territory registered, 217581 km driven, fair condition.",individual
1075458,2017,119393,Honda,City,cng,manual,like new,1800,180,5,sedan,KPK,Honda City 2017 manual,"KPK registered, 119393 km driven, like new condition.",individual
832244,2009,233508,Toyota,Aqua,hybrid,automatic,like new,1200,107,4,hatchback,KPK,Toyota Aqua 2009 automatic,"KPK registered, 233508 km driven, like new condition.",individual
962981,2013,175018,Toyota,Corolla,cng,automatic,new,660,46,4,suv,Balochistan,Toyota Corolla 2013 automatic,"Balochistan registered, 175018 km driven, new condition.",individual
1151029,2018,93749,Toyota,Aqua,petrol,manual,new,1000,92,4,hatchback,Punjab,Toyota Aqua 2018 manual,"Punjab registered, 93749 km driven, new condition.",dealer
499585,2006,293675,Suzuki,Alto,hybrid,automatic,fair,660,53,5,sedan,Islamabad Capital Territory,Suzuki Alto 2006 automatic,"Islamabad Capital Territory registered, 293675 km driven, fair condition.",dealer
890017,2012,191513,Toyota,Corolla,hybrid,manual,fair,2000,210,7,sedan,Punjab,Toyota Corolla 2012 manual,"Punjab registered, 191513 km driven, fair condition.",dealer
1296753,2017,122750,Honda,Civic,petrol,automatic,fair,1300,130,4,hatchback,Islamabad Capital Territory,Honda Civic 2017 automatic,"Islamabad Capital Territory registered, 122750 km driven, fair condition.",dealer
2004514,2018,101984,Kia,Sportage,cng,automatic,like new,1200,107,7,suv,Balochistan,Kia Sportage 2018 automatic,"Balochistan registered, 101984 km driven, like new condition.",individual
250000,2006,271604,Toyota,Corolla,petrol,manual,good,660,77,7,suv,KPK,Toyota Corolla 2006 manual,"KPK registered, 271604 km driven, good condition.",individual
713812,2014,172625,Toyota,Yaris,diesel,manual,like new,1200,122,4,hatchback,Sindh,Toyota Yaris 2014 manual,"Sindh registered, 172625 km driven, like new condition.",dealer
812430,2016,156424,Honda,Civic,petrol,cvt,good,800,92,5,suv,Punjab,Honda Civic 2016 cvt,"Punjab registered, 156424 km driven, good condition.",dealer
900760,2016,149721,Suzuki,Wagon R,diesel,automatic,good,1800,174,5,hatchback,KPK,Suzuki Wagon R 2016 automatic,"KPK registered, 149721 km driven, good condition.",individual
611352,2013,177820,Toyota,Aqua,diesel,manual,good,1200,125,7,sedan,Punjab,Toyota Aqua 2013 manual,"Punjab registered, 177820 km driven, good condition.",dealer
901894,2015,160482,Suzuki,Alto,diesel,cvt,good,1000,89,7,hatchback,Islamabad Capital Territory,Suzuki Alto 2015 cvt,"Islamabad Capital Territory registered, 160482 km driven, good condition.",individual
807860,2017,112494,Suzuki,Alto,diesel,cvt,good,660,50,4,sedan,Balochistan,Suzuki Alto 2017 cvt,"Balochistan registered, 112494 km driven, good condition.",dealer
885263,2016,126214,Hyundai,Elantra,hybrid,manual,like new,800,68,4,sedan,Sindh,Hyundai Elantra 2016 manual,"Sindh registered, 126214 km driven, like new condition.",dealer
